SEASON_ID,TEAM_ID,TEAM_ABBREVIATION,TEAM_NAME,GAME_ID,GAME_DATE,MATCHUP,WL,MIN,PTS,FGM,FGA,FG_PCT,FG3M,FG3A,FG3_PCT,FTM,FTA,FT_PCT,OREB,DREB,REB,AST,STL,BLK,TOV,PF,PLUS_MINUS
22023,1610612748,MIA,Miami Heat,0022300017,2023-11-14,MIA @ CHA,W,240,111,40,83,0.482,8,31,0.258,23,28,0.821,10,32,42,26,12,5,7,19,6.0
22023,1610612737,ATL,Atlanta Hawks,0022300018,2023-11-14,ATL @ DET,W,240,126,45,87,0.517,12,33,0.364,24,26,0.923,10,31,41,28,9,7,14,19,6.0
22023,1610612754,IND,Indiana Pacers,0022300019,2023-11-14,IND @ PHI,W,240,132,48,93,0.516,13,37,0.351,23,33,0.697,10,31,41,32,7,5,11,28,6.0
22023,1610612740,NOP,New Orleans Pelicans,0022300022,2023-11-14,NOP vs. DAL,W,241,131,49,94,0.521,14,38,0.368,19,26,0.731,12,30,42,33,17,6,12,20,21.0
22023,1610612765,DET,Detroit Pistons,0022300018,2023-11-14,DET vs. ATL,L,240,120,47,90,0.522,10,29,0.345,16,23,0.696,14,28,42,36,9,6,17,20,-6.0
22023,1610612755,PHI,Philadelphia 76ers,0022300019,2023-11-14,PHI vs. IND,L,241,126,43,86,0.5,6,22,0.273,34,35,0.971,5,33,38,22,5,3,16,26,-6.4
22023,1610612751,BKN,Brooklyn Nets,0022300020,2023-11-14,BKN vs. ORL,W,241,124,46,85,0.541,19,39,0.487,13,20,0.65,13,31,44,22,13,3,15,24,20.0
22023,1610612759,SAS,San Antonio Spurs,0022300021,2023-11-14,SAS @ OKC,L,241,87,36,93,0.387,9,30,0.3,6,9,0.667,13,30,43,24,7,6,24,13,-24.4
22023,1610612742,DAL,Dallas Mavericks,0022300022,2023-11-14,DAL @ NOP,L,239,110,38,90,0.422,14,42,0.333,20,26,0.769,16,29,45,25,4,3,20,16,-21.0
22023,1610612753,ORL,Orlando Magic,0022300020,2023-11-14,ORL @ BKN,L,239,104,36,82,0.439,16,46,0.348,16,21,0.762,9,28,37,23,9,4,14,16,-20.0
22023,1610612762,UTA,Utah Jazz,0022300023,2023-11-14,UTA vs. POR,W,240,115,44,95,0.463,13,43,0.302,14,15,0.933,16,36,52,26,11,6,12,18,16.0
22023,1610612760,OKC,Oklahoma City Thunder,0022300021,2023-11-14,OKC vs. SAS,W,241,123,46,89,0.517,15,39,0.385,16,20,0.8,4,36,40,34,19,6,15,17,26.6
22023,1610612766,CHA,Charlotte Hornets,0022300017,2023-11-14,CHA vs. MIA,L,240,105,36,81,0.444,15,32,0.469,18,22,0.818,13,32,45,21,6,0,18,21,-6.0
22023,1610612757,POR,Portland Trail Blazers,0022300023,2023-11-14,POR @ UTA,L,241,99,37,88,0.42,11,35,0.314,14,20,0.7,13,30,43,23,5,6,17,15,-16.0
22023,1610612741,CHI,Chicago Bulls,0022300190,2023-11-13,CHI @ MIL,L,239,109,38,100,0.38,14,42,0.333,19,21,0.905,18,29,47,24,9,7,6,25,-9.0
22023,1610612752,NYK,New York Knicks,0022300188,2023-11-13,NYK @ BOS,L,240,98,33,79,0.418,15,35,0.429,17,24,0.708,12,25,37,17,5,2,8,16,-16.0
22023,1610612758,SAC,Sacramento Kings,0022300191,2023-11-13,SAC vs. CLE,W,240,132,49,83,0.59,20,42,0.476,14,22,0.636,8,29,37,32,3,4,10,19,12.0
22023,1610612749,MIL,Milwaukee Bucks,0022300190,2023-11-13,MIL vs. CHI,W,240,118,42,89,0.472,15,47,0.319,19,27,0.704,13,40,53,23,3,5,15,23,9.0
22023,1610612739,CLE,Cleveland Cavaliers,0022300191,2023-11-13,CLE @ SAC,L,240,120,45,91,0.495,16,35,0.457,14,17,0.824,14,25,39,24,3,1,11,18,-12.0
22023,1610612738,BOS,Boston Celtics,0022300188,2023-11-13,BOS vs. NYK,W,238,114,40,79,0.506,19,43,0.442,15,16,0.938,8,29,37,27,3,3,11,22,16.0
22023,1610612764,WAS,Washington Wizards,0022300189,2023-11-13,WAS @ TOR,L,239,107,43,84,0.512,12,26,0.462,9,12,0.75,8,30,38,32,11,5,22,22,-4.0
22023,1610612761,TOR,Toronto Raptors,0022300189,2023-11-13,TOR vs. WAS,W,241,111,45,90,0.5,4,20,0.2,17,25,0.68,16,32,48,28,11,4,16,13,4.0
22023,1610612747,LAL,Los Angeles Lakers,0022300187,2023-11-12,LAL vs. POR,W,240,116,41,84,0.488,4,19,0.211,30,37,0.811,7,34,41,27,8,4,9,11,6.0
22023,1610612763,MEM,Memphis Grizzlies,0022300179,2023-11-12,MEM @ LAC,W,240,105,37,88,0.42,13,41,0.317,18,24,0.75,11,30,41,25,7,6,16,23,4.0
22023,1610612741,CHI,Chicago Bulls,0022300181,2023-11-12,CHI vs. DET,W,240,119,44,91,0.484,11,30,0.367,20,25,0.8,11,29,40,22,12,6,6,21,11.0
22023,1610612751,BKN,Brooklyn Nets,0022300178,2023-11-12,BKN vs. WAS,W,240,102,37,98,0.378,12,49,0.245,16,20,0.8,20,46,66,22,6,6,18,18,8.0
22023,1610612754,IND,Indiana Pacers,0022300180,2023-11-12,IND @ PHI,L,241,126,47,90,0.522,16,39,0.41,16,19,0.842,8,24,32,31,8,9,10,14,-11.0
22023,1610612742,DAL,Dallas Mavericks,0022300183,2023-11-12,DAL @ NOP,W,241,136,50,102,0.49,20,53,0.377,16,21,0.762,8,34,42,29,7,6,6,19,12.0
22023,1610612766,CHA,Charlotte Hornets,0022300177,2023-11-12,CHA @ NYK,L,240,107,44,94,0.468,12,35,0.343,7,11,0.636,15,21,36,21,5,4,12,25,-22.0
22023,1610612740,NOP,New Orleans Pelicans,0022300183,2023-11-12,NOP vs. DAL,L,241,124,47,92,0.511,17,36,0.472,13,22,0.591,13,41,54,31,2,3,18,20,-12.0
22023,1610612744,GSW,Golden State Warriors,0022300186,2023-11-12,GSW vs. MIN,L,239,110,37,96,0.385,12,43,0.279,24,28,0.857,19,32,51,24,9,0,14,28,-6.0
22023,1610612757,POR,Portland Trail Blazers,0022300187,2023-11-12,POR @ LAL,L,241,110,45,90,0.5,13,37,0.351,7,9,0.778,5,33,38,29,2,8,15,25,-6.0
22023,1610612743,DEN,Denver Nuggets,0022300182,2023-11-12,DEN @ HOU,L,241,104,42,91,0.462,9,32,0.281,11,14,0.786,12,37,49,24,3,5,11,20,-3.0
22023,1610612746,LAC,LA Clippers,0022300179,2023-11-12,LAC vs. MEM,L,239,101,37,85,0.435,12,34,0.353,15,23,0.652,8,33,41,26,9,3,14,23,-4.0
22023,1610612765,DET,Detroit Pistons,0022300181,2023-11-12,DET @ CHI,L,239,108,38,88,0.432,11,32,0.344,21,26,0.808,16,33,49,26,4,6,16,19,-11.0
22023,1610612750,MIN,Minnesota Timberwolves,0022300186,2023-11-12,MIN @ GSW,W,240,116,43,82,0.524,9,27,0.333,21,30,0.7,9,38,47,27,8,6,14,19,6.0
22023,1610612745,HOU,Houston Rockets,0022300182,2023-11-12,HOU vs. DEN,W,241,107,37,87,0.425,10,32,0.313,23,29,0.793,12,33,45,20,7,4,9,16,3.0
22023,1610612748,MIA,Miami Heat,0022300184,2023-11-12,MIA @ SAS,W,240,118,39,89,0.438,12,31,0.387,28,30,0.933,11,30,41,26,7,3,4,12,5.0
22023,1610612760,OKC,Oklahoma City Thunder,0022300185,2023-11-12,OKC @ PHX,W,240,111,40,82,0.488,10,27,0.37,21,25,0.84,6,27,33,23,9,8,7,21,12.0
22023,1610612764,WAS,Washington Wizards,0022300178,2023-11-12,WAS @ BKN,L,241,94,33,88,0.375,10,41,0.244,18,25,0.72,7,35,42,20,14,3,12,15,-8.0
22023,1610612756,PHX,Phoenix Suns,0022300185,2023-11-12,PHX vs. OKC,L,240,99,32,83,0.386,9,29,0.31,26,31,0.839,16,35,51,20,4,7,17,19,-12.0
22023,1610612752,NYK,New York Knicks,0022300177,2023-11-12,NYK vs. CHA,W,242,129,47,87,0.54,15,36,0.417,20,30,0.667,10,30,40,25,8,4,9,18,22.0
22023,1610612759,SAS,San Antonio Spurs,0022300184,2023-11-12,SAS vs. MIA,L,238,113,42,91,0.462,19,44,0.432,10,12,0.833,11,39,50,35,3,6,17,21,-5.0
22023,1610612755,PHI,Philadelphia 76ers,0022300180,2023-11-12,PHI vs. IND,W,240,137,53,105,0.505,14,33,0.424,17,20,0.85,23,31,54,28,5,7,11,15,11.0
22023,1610612744,GSW,Golden State Warriors,0022300176,2023-11-11,GSW vs. CLE,L,240,110,37,90,0.411,13,38,0.342,23,30,0.767,15,40,55,26,5,3,20,29,-8.0
22023,1610612753,ORL,Orlando Magic,0022300173,2023-11-11,ORL vs. MIL,W,238,112,36,84,0.429,10,26,0.385,30,35,0.857,15,28,43,24,9,2,13,17,15.0
22023,1610612739,CLE,Cleveland Cavaliers,0022300176,2023-11-11,CLE @ GSW,W,242,118,37,86,0.43,11,30,0.367,33,43,0.767,11,34,45,23,13,3,10,24,8.0
22023,1610612748,MIA,Miami Heat,0022300175,2023-11-11,MIA @ ATL,W,239,117,41,84,0.488,12,38,0.316,23,25,0.92,7,32,39,23,10,4,15,14,8.0
22023,1610612738,BOS,Boston Celtics,0022300174,2023-11-11,BOS vs. TOR,W,242,117,47,86,0.547,15,44,0.341,8,13,0.615,5,41,46,30,1,4,12,14,23.0
22023,1610612737,ATL,Atlanta Hawks,0022300175,2023-11-11,ATL vs. MIA,L,240,109,38,87,0.437,18,46,0.391,15,18,0.833,15,33,48,23,6,6,21,19,-8.0
22023,1610612761,TOR,Toronto Raptors,0022300174,2023-11-11,TOR @ BOS,L,241,94,35,91,0.385,10,37,0.27,14,16,0.875,7,30,37,25,8,1,8,14,-23.0
22023,1610612749,MIL,Milwaukee Bucks,0022300173,2023-11-11,MIL @ ORL,L,242,97,38,77,0.494,9,29,0.31,12,25,0.48,5,31,36,25,9,6,19,24,-15.0
22023,1610612755,PHI,Philadelphia 76ers,0022300008,2023-11-10,PHI @ DET,W,239,114,35,83,0.422,9,28,0.321,35,41,0.854,11,35,46,23,13,5,8,23,8.0
22023,1610612758,SAC,Sacramento Kings,0022300016,2023-11-10,SAC vs. OKC,W,241,105,38,91,0.418,13,47,0.277,16,21,0.762,16,36,52,28,10,9,17,22,7.0
22023,1610612764,WAS,Washington Wizards,0022300009,2023-11-10,WAS vs. CHA,L,240,117,43,88,0.489,14,38,0.368,17,20,0.85,7,29,36,28,4,6,15,23,-7.0
22023,1610612746,LAC,LA Clippers,0022300014,2023-11-10,LAC @ DAL,L,240,126,43,88,0.489,8,27,0.296,32,36,0.889,19,28,47,21,7,2,14,27,-18.0
22023,1610612766,CHA,Charlotte Hornets,0022300009,2023-11-10,CHA @ WAS,W,241,124,50,110,0.455,6,28,0.214,18,28,0.643,28,39,67,31,10,4,9,19,7.0
22023,1610612765,DET,Detroit Pistons,0022300008,2023-11-10,DET vs. PHI,L,241,106,40,86,0.465,8,28,0.286,18,22,0.818,11,37,48,28,3,5,16,26,-8.0
22023,1610612747,LAL,Los Angeles Lakers,0022300015,2023-11-10,LAL @ PHX,W,240,122,42,84,0.5,12,27,0.444,26,34,0.765,9,34,43,27,9,7,11,20,3.0
22023,1610612763,MEM,Memphis Grizzlies,0022300012,2023-11-10,MEM vs. UTA,L,240,121,46,101,0.455,19,48,0.396,10,13,0.769,14,23,37,23,5,5,11,23,-6.0
22023,1610612762,UTA,Utah Jazz,0022300012,2023-11-10,UTA @ MEM,W,240,127,41,76,0.539,18,37,0.486,27,29,0.931,8,30,38,28,10,12,19,17,6.0
22023,1610612756,PHX,Phoenix Suns,0022300015,2023-11-10,PHX vs. LAL,L,242,119,42,94,0.447,15,37,0.405,20,27,0.741,17,35,52,22,9,1,13,24,-3.0
22023,1610612750,MIN,Minnesota Timberwolves,0022300013,2023-11-10,MIN @ SAS,W,239,117,43,87,0.494,10,27,0.37,21,27,0.778,13,38,51,23,6,4,18,19,7.0
22023,1610612759,SAS,San Antonio Spurs,0022300013,2023-11-10,SAS vs. MIN,L,240,110,43,92,0.467,12,34,0.353,12,19,0.632,7,31,38,29,9,8,14,21,-7.0
22023,1610612751,BKN,Brooklyn Nets,0022300010,2023-11-10,BKN @ BOS,L,239,107,38,85,0.447,15,37,0.405,16,18,0.889,9,37,46,26,0,3,10,25,-14.0
22023,1610612738,BOS,Boston Celtics,0022300010,2023-11-10,BOS vs. BKN,W,241,121,41,94,0.436,19,52,0.365,20,28,0.714,17,35,52,29,5,3,7,13,14.0
22023,1610612742,DAL,Dallas Mavericks,0022300014,2023-11-10,DAL vs. LAC,W,240,144,51,98,0.52,19,42,0.452,23,26,0.885,15,26,41,30,7,1,8,23,18.0
22023,1610612760,OKC,Oklahoma City Thunder,0022300016,2023-11-10,OKC @ SAC,L,240,98,39,87,0.448,7,30,0.233,13,16,0.813,5,33,38,22,9,5,16,15,-7.0
22023,1610612745,HOU,Houston Rockets,0022300011,2023-11-10,HOU vs. NOP,W,240,104,36,88,0.409,10,35,0.286,22,28,0.786,9,33,42,20,9,5,9,22,3.0
22023,1610612740,NOP,New Orleans Pelicans,0022300011,2023-11-10,NOP @ HOU,L,240,101,34,75,0.453,8,25,0.32,25,34,0.735,8,41,49,12,6,6,18,26,-3.0
22023,1610612737,ATL,Atlanta Hawks,0022300172,2023-11-09,ATL @ ORL,W,240,120,41,85,0.482,15,39,0.385,23,30,0.767,8,28,36,22,13,7,17,25,1.0
22023,1610612754,IND,Indiana Pacers,0022300171,2023-11-09,IND vs. MIL,W,239,126,44,92,0.478,20,48,0.417,18,20,0.9,9,31,40,27,6,6,11,25,2.0
22023,1610612753,ORL,Orlando Magic,0022300172,2023-11-09,ORL vs. ATL,L,240,119,42,90,0.467,10,27,0.37,25,35,0.714,18,29,47,19,12,6,19,24,-1.0
22023,1610612749,MIL,Milwaukee Bucks,0022300171,2023-11-09,MIL @ IND,L,240,124,46,87,0.529,9,27,0.333,23,26,0.885,5,36,41,23,6,5,14,19,-2.0
22023,1610612765,DET,Detroit Pistons,0022300165,2023-11-08,DET @ MIL,L,240,118,48,98,0.49,7,29,0.241,15,16,0.938,11,42,53,28,2,5,17,24,-2.0
22023,1610612742,DAL,Dallas Mavericks,0022300168,2023-11-08,DAL vs. TOR,L,240,116,40,84,0.476,17,41,0.415,19,31,0.613,6,32,38,25,4,6,15,21,-11.0
22023,1610612752,NYK,New York Knicks,0022300161,2023-11-08,NYK vs. SAS,W,242,126,46,100,0.46,19,42,0.452,15,22,0.682,13,34,47,28,7,0,3,14,21.0
22023,1610612766,CHA,Charlotte Hornets,0022300157,2023-11-08,CHA vs. WAS,L,240,116,41,79,0.519,8,25,0.32,26,35,0.743,11,36,47,17,8,5,20,22,-16.0
22023,1610612738,BOS,Boston Celtics,0022300159,2023-11-08,BOS @ PHI,L,241,103,36,91,0.396,15,47,0.319,16,19,0.842,9,34,43,28,8,6,12,13,-3.0
22023,1610612760,OKC,Oklahoma City Thunder,0022300167,2023-11-08,OKC vs. CLE,W,241,128,44,86,0.512,12,28,0.429,28,30,0.933,12,29,41,23,10,8,14,27,8.0
22023,1610612749,MIL,Milwaukee Bucks,0022300165,2023-11-08,MIL vs. DET,W,241,120,41,90,0.456,11,37,0.297,27,32,0.844,5,31,36,19,8,7,10,18,2.0
22023,1610612758,SAC,Sacramento Kings,0022300170,2023-11-08,SAC vs. POR,W,265,121,41,89,0.461,11,37,0.297,28,38,0.737,15,35,50,32,11,6,21,24,3.0
22023,1610612745,HOU,Houston Rockets,0022300163,2023-11-08,HOU vs. LAL,W,239,128,51,93,0.548,14,33,0.424,12,19,0.632,14,43,57,26,4,3,11,23,34.0
22023,1610612740,NOP,New Orleans Pelicans,0022300166,2023-11-08,NOP @ MIN,L,240,101,36,93,0.387,8,28,0.286,21,22,0.955,11,29,40,23,6,1,17,23,-21.0
22023,1610612756,PHX,Phoenix Suns,0022300162,2023-11-08,PHX @ CHI,W,264,116,38,90,0.422,19,48,0.396,21,25,0.84,13,41,54,32,7,10,21,20,1.0
22023,1610612759,SAS,San Antonio Spurs,0022300161,2023-11-08,SAS @ NYK,L,240,105,44,90,0.489,9,34,0.265,8,13,0.615,11,35,46,31,2,7,13,22,-21.0
22023,1610612741,CHI,Chicago Bulls,0022300162,2023-11-08,CHI vs. PHX,L,266,115,42,96,0.438,14,33,0.424,17,23,0.739,9,30,39,30,12,7,14,22,-1.0
22023,1610612762,UTA,Utah Jazz,0022300158,2023-11-08,UTA @ IND,L,240,118,45,96,0.469,11,27,0.407,17,18,0.944,16,31,47,26,3,5,21,17,-16.0
22023,1610612746,LAC,LA Clippers,0022300160,2023-11-08,LAC @ BKN,L,239,93,36,91,0.396,8,36,0.222,13,13,1.0,11,40,51,22,10,8,15,15,-7.0
22023,1610612754,IND,Indiana Pacers,0022300158,2023-11-08,IND vs. UTA,W,239,134,52,101,0.515,13,41,0.317,17,20,0.85,14,32,46,26,14,7,11,15,16.0
22023,1610612763,MEM,Memphis Grizzlies,0022300164,2023-11-08,MEM vs. MIA,L,240,102,35,90,0.389,11,37,0.297,21,28,0.75,13,25,38,20,10,4,13,27,-6.0
22023,1610612750,MIN,Minnesota Timberwolves,0022300166,2023-11-08,MIN vs. NOP,W,240,122,45,82,0.549,15,37,0.405,17,24,0.708,8,40,48,30,9,7,16,23,21.0
22023,1610612743,DEN,Denver Nuggets,0022300169,2023-11-08,DEN vs. GSW,W,240,108,41,92,0.446,11,35,0.314,15,22,0.682,10,35,45,24,7,4,6,20,3.0
22023,1610612761,TOR,Toronto Raptors,0022300168,2023-11-08,TOR @ DAL,W,241,127,49,99,0.495,11,36,0.306,18,27,0.667,15,35,50,27,10,4,11,25,11.0
22023,1610612755,PHI,Philadelphia 76ers,0022300159,2023-11-08,PHI vs. BOS,W,240,106,42,95,0.442,9,34,0.265,13,15,0.867,12,44,56,20,7,7,12,16,3.0
22023,1610612751,BKN,Brooklyn Nets,0022300160,2023-11-08,BKN vs. LAC,W,240,100,37,92,0.402,15,41,0.366,11,13,0.846,14,35,49,22,10,10,14,14,7.0
22023,1610612739,CLE,Cleveland Cavaliers,0022300167,2023-11-08,CLE @ OKC,L,240,120,42,83,0.506,9,29,0.31,27,37,0.73,11,30,41,26,9,5,18,24,-8.0
22023,1610612757,POR,Portland Trail Blazers,0022300170,2023-11-08,POR @ SAC,L,265,118,44,87,0.506,8,22,0.364,22,29,0.759,7,29,36,26,10,5,18,29,-3.0
22023,1610612744,GSW,Golden State Warriors,0022300169,2023-11-08,GSW @ DEN,L,240,105,37,86,0.43,11,35,0.314,20,26,0.769,11,38,49,21,5,0,9,20,-3.0
22023,1610612747,LAL,Los Angeles Lakers,0022300163,2023-11-08,LAL @ HOU,L,241,94,36,84,0.429,7,25,0.28,15,24,0.625,5,29,34,20,7,6,9,18,-34.0
22023,1610612748,MIA,Miami Heat,0022300164,2023-11-08,MIA @ MEM,W,241,108,35,77,0.455,11,28,0.393,27,32,0.844,9,35,44,22,9,8,19,24,6.0
22023,1610612764,WAS,Washington Wizards,0022300157,2023-11-08,WAS @ CHA,W,240,132,47,97,0.485,18,43,0.419,20,25,0.8,13,27,40,26,10,6,10,26,16.0
22023,1610612762,UTA,Utah Jazz,0022300152,2023-11-06,UTA @ CHI,L,241,113,41,86,0.477,16,43,0.372,15,17,0.882,17,35,52,32,1,7,22,20,-17.0
22023,1610612752,NYK,New York Knicks,0022300151,2023-11-06,NYK vs. LAC,W,240,111,41,88,0.466,12,31,0.387,17,18,0.944,18,30,48,28,13,1,19,13,14.0
22023,1610612751,BKN,Brooklyn Nets,0022300149,2023-11-06,BKN vs. MIL,L,241,125,49,101,0.485,16,45,0.356,11,13,0.846,11,35,46,22,2,4,8,16,-4.0
22023,1610612764,WAS,Washington Wizards,0022300148,2023-11-06,WAS @ PHI,L,240,128,49,96,0.51,14,34,0.412,16,20,0.8,10,28,38,31,6,10,19,26,-18.0
22023,1610612748,MIA,Miami Heat,0022300150,2023-11-06,MIA vs. LAL,W,239,108,41,88,0.466,12,37,0.324,14,16,0.875,11,33,44,30,11,4,17,14,1.0
22023,1610612737,ATL,Atlanta Hawks,0022300155,2023-11-06,ATL @ OKC,L,239,117,38,102,0.373,14,42,0.333,27,32,0.844,25,34,59,27,8,3,15,16,-9.0
22023,1610612744,GSW,Golden State Warriors,0022300145,2023-11-06,GSW @ DET,W,240,120,46,97,0.474,12,41,0.293,16,21,0.762,17,27,44,26,8,4,11,14,11.0
22023,1610612740,NOP,New Orleans Pelicans,0022300156,2023-11-06,NOP @ DEN,L,240,116,45,90,0.5,13,30,0.433,13,15,0.867,8,30,38,24,6,2,13,18,-18.0
22023,1610612753,ORL,Orlando Magic,0022300147,2023-11-06,ORL vs. DAL,L,240,102,40,85,0.471,8,27,0.296,14,18,0.778,6,32,38,27,6,4,20,24,-15.0
22023,1610612758,SAC,Sacramento Kings,0022300153,2023-11-06,SAC @ HOU,L,239,97,36,81,0.444,14,40,0.35,11,20,0.55,12,22,34,22,5,2,13,22,-25.0
22023,1610612746,LAC,LA Clippers,0022300151,2023-11-06,LAC @ NYK,L,238,97,36,73,0.493,11,32,0.344,14,16,0.875,7,24,31,21,8,3,22,15,-14.0
22023,1610612749,MIL,Milwaukee Bucks,0022300149,2023-11-06,MIL @ BKN,W,238,129,46,96,0.479,16,48,0.333,21,24,0.875,12,36,48,26,6,2,10,13,4.0
22023,1610612754,IND,Indiana Pacers,0022300146,2023-11-06,IND vs. SAS,W,240,152,55,95,0.579,20,38,0.526,22,23,0.957,9,40,49,38,7,4,14,24,41.0
22023,1610612759,SAS,San Antonio Spurs,0022300146,2023-11-06,SAS @ IND,L,242,111,40,94,0.426,8,26,0.308,23,30,0.767,12,24,36,26,7,5,11,15,-41.0
22023,1610612738,BOS,Boston Celtics,0022300154,2023-11-06,BOS @ MIN,L,265,109,36,92,0.391,11,39,0.282,26,34,0.765,11,34,45,20,13,2,16,26,-5.0
22023,1610612745,HOU,Houston Rockets,0022300153,2023-11-06,HOU vs. SAC,W,242,122,43,75,0.573,15,31,0.484,21,27,0.778,5,34,39,28,8,4,10,19,25.0
22023,1610612743,DEN,Denver Nuggets,0022300156,2023-11-06,DEN vs. NOP,W,240,134,51,95,0.537,15,39,0.385,17,23,0.739,11,34,45,37,6,5,9,16,18.0
22023,1610612765,DET,Detroit Pistons,0022300145,2023-11-06,DET vs. GSW,L,240,109,38,80,0.475,13,30,0.433,20,21,0.952,7,32,39,23,8,2,14,20,-11.0
22023,1610612755,PHI,Philadelphia 76ers,0022300148,2023-11-06,PHI vs. WAS,W,241,146,51,91,0.56,12,31,0.387,32,36,0.889,10,35,45,37,12,7,15,15,18.0
22023,1610612760,OKC,Oklahoma City Thunder,0022300155,2023-11-06,OKC vs. ATL,W,240,126,45,94,0.479,14,35,0.4,22,23,0.957,11,38,49,27,7,7,13,22,9.0
22023,1610612747,LAL,Los Angeles Lakers,0022300150,2023-11-06,LAL @ MIA,L,239,107,44,81,0.543,8,26,0.308,11,14,0.786,5,33,38,28,6,5,17,17,-1.0
22023,1610612742,DAL,Dallas Mavericks,0022300147,2023-11-06,DAL @ ORL,W,239,117,41,82,0.5,15,40,0.375,20,28,0.714,5,26,31,21,9,6,14,20,15.0
22023,1610612741,CHI,Chicago Bulls,0022300152,2023-11-06,CHI vs. UTA,W,240,130,48,93,0.516,18,34,0.529,16,19,0.842,10,26,36,26,12,3,8,18,17.0
22023,1610612750,MIN,Minnesota Timberwolves,0022300154,2023-11-06,MIN vs. BOS,W,265,114,44,85,0.518,13,37,0.351,13,25,0.52,6,39,45,26,7,5,23,26,5.0
22023,1610612766,CHA,Charlotte Hornets,0022300143,2023-11-05,CHA @ DAL,L,240,118,49,99,0.495,8,30,0.267,12,21,0.571,10,33,43,30,5,2,8,25,-6.0
22023,1610612756,PHX,Phoenix Suns,0022300140,2023-11-05,PHX @ DET,W,243,120,43,86,0.5,8,21,0.381,26,29,0.897,14,29,43,29,8,10,18,13,14.0
22023,1610612761,TOR,Toronto Raptors,0022300141,2023-11-05,TOR @ SAS,W,264,123,44,97,0.454,19,48,0.396,16,26,0.615,13,34,47,29,12,6,14,15,7.0
22023,1610612765,DET,Detroit Pistons,0022300140,2023-11-05,DET vs. PHX,L,240,106,43,87,0.494,8,23,0.348,12,14,0.857,10,23,33,25,7,6,16,23,-14.0
22023,1610612742,DAL,Dallas Mavericks,0022300143,2023-11-05,DAL vs. CHA,W,239,124,43,91,0.473,14,42,0.333,24,32,0.75,9,38,47,31,3,6,10,19,6.0
22023,1610612763,MEM,Memphis Grizzlies,0022300144,2023-11-05,MEM @ POR,W,240,112,45,89,0.506,13,32,0.406,9,13,0.692,10,39,49,27,6,7,16,18,12.0
22023,1610612744,GSW,Golden State Warriors,0022300142,2023-11-05,GSW @ CLE,L,240,104,34,94,0.362,16,41,0.39,20,30,0.667,17,27,44,26,10,4,13,18,-11.0
22023,1610612757,POR,Portland Trail Blazers,0022300144,2023-11-05,POR vs. MEM,L,239,100,37,95,0.389,14,45,0.311,12,15,0.8,16,31,47,23,11,5,14,21,-12.0
22023,1610612739,CLE,Cleveland Cavaliers,0022300142,2023-11-05,CLE vs. GSW,W,240,115,41,83,0.494,11,37,0.297,22,28,0.786,13,41,54,26,8,2,18,21,11.0
22023,1610612759,SAS,San Antonio Spurs,0022300141,2023-11-05,SAS vs. TOR,L,266,116,48,96,0.5,10,32,0.313,10,13,0.769,9,37,46,30,7,7,17,21,-7.0
22023,1610612750,MIN,Minnesota Timberwolves,0022300138,2023-11-04,MIN vs. UTA,W,242,123,45,81,0.556,9,24,0.375,24,31,0.774,9,34,43,25,10,11,10,23,28.0
22023,1610612758,SAC,Sacramento Kings,0022300137,2023-11-04,SAC @ HOU,L,240,89,32,84,0.381,11,41,0.268,14,19,0.737,8,35,43,20,5,6,11,19,-18.0
22023,1610612745,HOU,Houston Rockets,0022300137,2023-11-04,HOU vs. SAC,W,239,107,40,87,0.46,13,36,0.361,14,20,0.7,10,43,53,28,4,3,11,18,18.0
22023,1610612740,NOP,New Orleans Pelicans,0022300135,2023-11-04,NOP vs. ATL,L,240,105,40,84,0.476,8,31,0.258,17,21,0.81,9,26,35,24,9,7,9,15,-18.0
22023,1610612741,CHI,Chicago Bulls,0022300139,2023-11-04,CHI @ DEN,L,240,101,39,86,0.453,7,26,0.269,16,23,0.696,9,28,37,28,7,3,11,19,-22.0
22023,1610612766,CHA,Charlotte Hornets,0022300133,2023-11-04,CHA @ IND,W,240,125,47,88,0.534,8,20,0.4,23,23,1.0,12,29,41,23,5,10,13,20,1.0
22023,1610612747,LAL,Los Angeles Lakers,0022300134,2023-11-04,LAL @ ORL,L,239,101,37,84,0.44,8,30,0.267,19,21,0.905,10,30,40,17,6,10,17,21,-19.0
22023,1610612755,PHI,Philadelphia 76ers,0022300132,2023-11-04,PHI vs. PHX,W,239,112,43,90,0.478,11,30,0.367,15,18,0.833,15,36,51,24,5,6,17,24,12.0
22023,1610612753,ORL,Orlando Magic,0022300134,2023-11-04,ORL vs. LAL,W,240,120,46,101,0.455,12,33,0.364,16,19,0.842,19,32,51,29,6,9,15,18,19.0
22023,1610612738,BOS,Boston Celtics,0022300136,2023-11-04,BOS @ BKN,W,240,124,43,90,0.478,15,45,0.333,23,27,0.852,10,40,50,22,4,6,11,17,10.0
22023,1610612754,IND,Indiana Pacers,0022300133,2023-11-04,IND vs. CHA,L,241,124,45,93,0.484,22,45,0.489,12,16,0.75,11,25,36,31,7,5,14,18,-1.0
22023,1610612743,DEN,Denver Nuggets,0022300139,2023-11-04,DEN vs. CHI,W,239,123,42,81,0.519,16,36,0.444,23,30,0.767,10,39,49,31,10,4,11,18,22.0
22023,1610612756,PHX,Phoenix Suns,0022300132,2023-11-04,PHX @ PHI,L,241,100,32,89,0.36,9,35,0.257,27,33,0.818,15,27,42,22,11,12,10,11,-12.0
22023,1610612762,UTA,Utah Jazz,0022300138,2023-11-04,UTA @ MIN,L,241,95,35,91,0.385,12,43,0.279,13,17,0.765,17,22,39,20,3,7,18,20,-28.0
22023,1610612737,ATL,Atlanta Hawks,0022300135,2023-11-04,ATL @ NOP,W,241,123,45,93,0.484,14,41,0.341,19,24,0.792,19,33,52,28,4,6,11,16,18.0
22023,1610612751,BKN,Brooklyn Nets,0022300136,2023-11-04,BKN vs. BOS,L,240,114,43,100,0.43,17,52,0.327,11,17,0.647,10,32,42,22,4,5,5,21,-10.0
22023,1610612764,WAS,Washington Wizards,0022300003,2023-11-03,WAS @ MIA,L,239,114,46,81,0.568,13,28,0.464,9,17,0.529,4,26,30,33,7,4,20,18,-7.0
22023,1610612743,DEN,Denver Nuggets,0022300006,2023-11-03,DEN vs. DAL,W,241,125,49,93,0.527,13,30,0.433,14,19,0.737,19,32,51,33,11,6,17,17,11.0
22023,1610612748,MIA,Miami Heat,0022300003,2023-11-03,MIA vs. WAS,W,242,121,48,80,0.6,13,27,0.481,12,14,0.857,7,30,37,35,9,1,19,18,7.0
22023,1610612749,MIL,Milwaukee Bucks,0022300002,2023-11-03,MIL vs. NYK,W,241,110,35,82,0.427,20,39,0.513,20,28,0.714,7,34,41,24,6,10,14,16,5.0
22023,1610612763,MEM,Memphis Grizzlies,0022300007,2023-11-03,MEM @ POR,L,265,113,47,96,0.49,10,35,0.286,9,13,0.692,7,41,48,29,8,10,17,25,-2.0
22023,1610612752,NYK,New York Knicks,0022300002,2023-11-03,NYK @ MIL,L,240,105,38,96,0.396,10,39,0.256,19,25,0.76,16,40,56,18,6,1,10,22,-5.0
22023,1610612739,CLE,Cleveland Cavaliers,0022300001,2023-11-03,CLE @ IND,L,240,116,44,84,0.524,8,28,0.286,20,25,0.8,5,30,35,27,10,9,13,20,-5.0
22023,1610612757,POR,Portland Trail Blazers,0022300007,2023-11-03,POR vs. MEM,W,264,115,39,96,0.406,9,32,0.281,28,36,0.778,15,35,50,19,12,7,14,15,2.0
22023,1610612751,BKN,Brooklyn Nets,0022300004,2023-11-03,BKN @ CHI,W,240,109,44,96,0.458,18,45,0.4,3,5,0.6,8,31,39,32,4,4,8,12,2.0
22023,1610612754,IND,Indiana Pacers,0022300001,2023-11-03,IND vs. CLE,W,239,121,45,86,0.523,15,31,0.484,16,24,0.667,7,33,40,28,7,5,18,18,5.0
22023,1610612760,OKC,Oklahoma City Thunder,0022300005,2023-11-03,OKC vs. GSW,L,239,139,50,83,0.602,15,29,0.517,24,30,0.8,7,25,32,26,3,1,19,20,-2.0
22023,1610612744,GSW,Golden State Warriors,0022300005,2023-11-03,GSW @ OKC,W,241,141,49,92,0.533,18,40,0.45,25,30,0.833,13,25,38,36,9,2,15,25,2.0
22023,1610612742,DAL,Dallas Mavericks,0022300006,2023-11-03,DAL @ DEN,L,240,114,41,86,0.477,17,42,0.405,15,17,0.882,10,24,34,27,12,6,15,19,-11.0
22023,1610612741,CHI,Chicago Bulls,0022300004,2023-11-03,CHI vs. BKN,L,238,107,43,89,0.483,11,28,0.393,10,14,0.714,9,33,42,21,4,4,10,13,-2.0
22023,1610612759,SAS,San Antonio Spurs,0022300131,2023-11-02,SAS @ PHX,W,239,132,51,98,0.52,18,37,0.486,12,13,0.923,9,32,41,37,7,5,8,21,11.0
22023,1610612755,PHI,Philadelphia 76ers,0022300128,2023-11-02,PHI vs. TOR,W,240,114,42,92,0.457,9,25,0.36,21,25,0.84,15,31,46,21,12,3,14,19,15.0
22023,1610612753,ORL,Orlando Magic,0022300130,2023-11-02,ORL @ UTA,W,240,115,39,85,0.459,10,29,0.345,27,36,0.75,10,33,43,27,17,9,17,25,2.0
22023,1610612762,UTA,Utah Jazz,0022300130,2023-11-02,UTA vs. ORL,L,241,113,41,89,0.461,12,33,0.364,19,26,0.731,13,35,48,27,9,7,20,27,-2.0
22023,1610612761,TOR,Toronto Raptors,0022300128,2023-11-02,TOR @ PHI,L,240,99,38,79,0.481,10,28,0.357,13,19,0.684,9,32,41,30,4,3,19,20,-15.0
22023,1610612756,PHX,Phoenix Suns,0022300131,2023-11-02,PHX vs. SAS,L,241,121,43,80,0.538,16,32,0.5,19,26,0.731,5,29,34,26,5,4,14,15,-11.0
22023,1610612765,DET,Detroit Pistons,0022300129,2023-11-02,DET @ NOP,L,241,116,41,94,0.436,13,38,0.342,21,26,0.808,19,29,48,30,4,5,16,31,-9.0
22023,1610612740,NOP,New Orleans Pelicans,0022300129,2023-11-02,NOP vs. DET,W,239,125,39,80,0.488,14,32,0.438,33,35,0.943,7,29,36,27,5,7,12,18,9.0
22023,1610612742,DAL,Dallas Mavericks,0022300124,2023-11-01,DAL vs. CHI,W,237,114,37,81,0.457,20,48,0.417,20,28,0.714,13,32,45,23,7,2,13,11,9.0
22023,1610612762,UTA,Utah Jazz,0022300125,2023-11-01,UTA vs. MEM,W,239,133,47,87,0.54,22,43,0.512,17,24,0.708,10,40,50,35,7,3,21,22,24.0
22023,1610612743,DEN,Denver Nuggets,0022300123,2023-11-01,DEN @ MIN,L,240,89,38,96,0.396,6,33,0.182,7,10,0.7,12,31,43,23,6,10,15,22,-21.0
22023,1610612752,NYK,New York Knicks,0022300120,2023-11-01,NYK vs. CLE,L,240,89,32,92,0.348,5,30,0.167,20,30,0.667,16,34,50,18,10,3,13,16,-6.0
22023,1610612738,BOS,Boston Celtics,0022300118,2023-11-01,BOS vs. IND,W,239,155,54,95,0.568,20,35,0.571,27,28,0.964,11,46,57,27,5,2,11,19,51.0
22023,1610612754,IND,Indiana Pacers,0022300118,2023-11-01,IND @ BOS,L,241,104,46,101,0.455,5,37,0.135,7,12,0.583,8,23,31,26,6,6,9,20,-51.0
22023,1610612766,CHA,Charlotte Hornets,0022300122,2023-11-01,CHA @ HOU,L,239,119,45,90,0.5,11,27,0.407,18,25,0.72,15,29,44,21,9,8,16,19,-9.0
22023,1610612740,NOP,New Orleans Pelicans,0022300121,2023-11-01,NOP @ OKC,W,239,110,40,102,0.392,13,42,0.31,17,29,0.586,22,36,58,23,8,5,10,20,4.0
22023,1610612763,MEM,Memphis Grizzlies,0022300125,2023-11-01,MEM @ UTA,L,241,109,35,96,0.365,14,54,0.259,25,32,0.781,14,28,42,25,12,7,15,22,-24.0
22023,1610612761,TOR,Toronto Raptors,0022300116,2023-11-01,TOR vs. MIL,W,240,130,51,91,0.56,15,38,0.395,13,14,0.929,15,35,50,35,7,6,16,25,19.0
22023,1610612746,LAC,LA Clippers,0022300127,2023-11-01,LAC @ LAL,L,266,125,47,99,0.475,14,34,0.412,17,27,0.63,12,34,46,22,12,1,13,31,-5.0
22023,1610612747,LAL,Los Angeles Lakers,0022300127,2023-11-01,LAL vs. LAC,W,266,130,46,90,0.511,11,32,0.344,27,36,0.75,9,42,51,28,10,9,14,24,5.0
22023,1610612739,CLE,Cleveland Cavaliers,0022300120,2023-11-01,CLE @ NYK,W,241,95,32,74,0.432,12,32,0.375,19,20,0.95,6,40,46,22,7,5,18,27,6.0
22023,1610612758,SAC,Sacramento Kings,0022300126,2023-11-01,SAC @ GSW,L,240,101,36,88,0.409,11,35,0.314,18,23,0.783,14,34,48,24,8,4,12,17,-1.0
22023,1610612765,DET,Detroit Pistons,0022300115,2023-11-01,DET vs. POR,L,239,101,40,90,0.444,11,29,0.379,10,11,0.909,6,32,38,24,12,4,18,31,-9.0
22023,1610612757,POR,Portland Trail Blazers,0022300115,2023-11-01,POR @ DET,W,239,110,38,81,0.469,7,20,0.35,27,33,0.818,7,37,44,23,10,7,17,15,9.0
22023,1610612744,GSW,Golden State Warriors,0022300126,2023-11-01,GSW vs. SAC,W,239,102,39,81,0.481,11,31,0.355,13,15,0.867,7,29,36,32,5,6,17,17,1.0
22023,1610612737,ATL,Atlanta Hawks,0022300117,2023-11-01,ATL vs. WAS,W,241,130,46,92,0.5,9,32,0.281,29,32,0.906,14,43,57,26,8,3,20,16,9.0
22023,1610612745,HOU,Houston Rockets,0022300122,2023-11-01,HOU vs. CHA,W,239,128,44,84,0.524,21,37,0.568,19,23,0.826,7,31,38,35,10,2,17,22,9.0
22023,1610612764,WAS,Washington Wizards,0022300117,2023-11-01,WAS @ ATL,L,240,121,51,101,0.505,10,40,0.25,9,14,0.643,6,29,35,32,14,3,11,25,-9.0
22023,1610612749,MIL,Milwaukee Bucks,0022300116,2023-11-01,MIL @ TOR,L,242,111,35,76,0.461,13,34,0.382,28,38,0.737,7,22,29,19,9,2,12,17,-19.0
22023,1610612760,OKC,Oklahoma City Thunder,0022300121,2023-11-01,OKC vs. NOP,L,240,106,38,88,0.432,7,34,0.206,23,25,0.92,6,43,49,23,6,5,14,24,-6.0
22023,1610612750,MIN,Minnesota Timberwolves,0022300123,2023-11-01,MIN vs. DEN,W,239,110,38,83,0.458,8,21,0.381,26,27,0.963,8,39,47,20,9,5,13,15,21.0
22023,1610612748,MIA,Miami Heat,0022300119,2023-11-01,MIA vs. BKN,L,240,105,39,91,0.429,13,38,0.342,14,18,0.778,11,35,46,22,10,5,16,20,-4.0
22023,1610612741,CHI,Chicago Bulls,0022300124,2023-11-01,CHI @ DAL,L,240,105,42,89,0.472,11,33,0.333,10,11,0.909,12,31,43,19,10,3,13,23,-9.0
22023,1610612751,BKN,Brooklyn Nets,0022300119,2023-11-01,BKN @ MIA,W,242,109,37,82,0.451,16,36,0.444,19,26,0.731,7,40,47,27,11,4,18,18,4.0
22023,1610612746,LAC,LA Clippers,0022300114,2023-10-31,LAC vs. ORL,W,240,118,44,89,0.494,14,31,0.452,16,23,0.696,9,35,44,29,10,4,16,26,16.0
22023,1610612756,PHX,Phoenix Suns,0022300113,2023-10-31,PHX vs. SAS,L,239,114,42,83,0.506,18,39,0.462,12,15,0.8,6,37,43,29,8,7,19,18,-1.0
22023,1610612752,NYK,New York Knicks,0022300112,2023-10-31,NYK @ CLE,W,240,109,38,86,0.442,13,34,0.382,20,25,0.8,12,36,48,18,9,1,14,17,18.0
22023,1610612759,SAS,San Antonio Spurs,0022300113,2023-10-31,SAS @ PHX,W,239,115,43,92,0.467,14,37,0.378,15,20,0.75,8,29,37,25,10,9,12,17,1.0
22023,1610612739,CLE,Cleveland Cavaliers,0022300112,2023-10-31,CLE vs. NYK,L,240,91,36,92,0.391,10,38,0.263,9,12,0.75,14,32,46,19,6,6,15,19,-18.0
22023,1610612753,ORL,Orlando Magic,0022300114,2023-10-31,ORL @ LAC,L,241,102,38,81,0.469,7,30,0.233,19,33,0.576,7,33,40,23,9,3,16,24,-16.0
22023,1610612753,ORL,Orlando Magic,0022300111,2023-10-30,ORL @ LAL,L,238,103,38,95,0.4,14,35,0.4,13,18,0.722,12,32,44,28,10,3,11,22,-3.0
22023,1610612764,WAS,Washington Wizards,0022300103,2023-10-30,WAS vs. BOS,L,242,107,39,87,0.448,11,36,0.306,18,26,0.692,11,29,40,26,12,4,15,13,-19.0
22023,1610612765,DET,Detroit Pistons,0022300109,2023-10-30,DET @ OKC,L,239,112,39,91,0.429,15,28,0.536,19,24,0.792,13,28,41,31,6,5,16,25,-12.0
22023,1610612742,DAL,Dallas Mavericks,0022300106,2023-10-30,DAL @ MEM,W,240,125,42,84,0.5,23,47,0.489,18,24,0.75,6,42,48,24,4,7,15,17,15.0
22023,1610612763,MEM,Memphis Grizzlies,0022300106,2023-10-30,MEM vs. DAL,L,240,110,42,92,0.457,14,37,0.378,12,20,0.6,10,34,44,22,9,4,12,22,-15.0
22023,1610612737,ATL,Atlanta Hawks,0022300104,2023-10-30,ATL vs. MIN,W,238,127,48,86,0.558,14,30,0.467,17,18,0.944,4,32,36,28,6,7,9,12,14.0
22023,1610612760,OKC,Oklahoma City Thunder,0022300109,2023-10-30,OKC vs. DET,W,240,124,44,83,0.53,13,29,0.448,23,28,0.821,6,38,44,21,9,10,15,19,12.0
22023,1610612749,MIL,Milwaukee Bucks,0022300107,2023-10-30,MIL vs. MIA,W,240,122,44,87,0.506,12,37,0.324,22,30,0.733,9,34,43,24,8,5,14,23,8.0
22023,1610612743,DEN,Denver Nuggets,0022300110,2023-10-30,DEN vs. UTA,W,240,110,47,84,0.56,9,28,0.321,7,17,0.412,7,36,43,32,4,8,12,14,8.0
22023,1610612766,CHA,Charlotte Hornets,0022300101,2023-10-30,CHA vs. BKN,L,240,121,47,96,0.49,8,31,0.258,19,20,0.95,8,31,39,33,8,5,9,23,-12.0
22023,1610612750,MIN,Minnesota Timberwolves,0022300104,2023-10-30,MIN @ ATL,L,240,113,44,90,0.489,16,33,0.485,9,15,0.6,10,28,38,24,5,5,10,17,-14.0
22023,1610612744,GSW,Golden State Warriors,0022300108,2023-10-30,GSW @ NOP,W,242,130,51,98,0.52,15,41,0.366,13,20,0.65,21,43,64,28,6,7,14,21,28.0
22023,1610612751,BKN,Brooklyn Nets,0022300101,2023-10-30,BKN @ CHA,W,240,133,49,87,0.563,12,33,0.364,23,32,0.719,10,36,46,25,4,8,13,19,12.0
22023,1610612747,LAL,Los Angeles Lakers,0022300111,2023-10-30,LAL vs. ORL,W,239,106,42,79,0.532,8,27,0.296,14,18,0.778,3,37,40,28,7,10,16,17,3.0
22023,1610612748,MIA,Miami Heat,0022300107,2023-10-30,MIA @ MIL,L,240,114,41,86,0.477,13,34,0.382,19,20,0.95,7,33,40,27,7,2,14,20,-8.0
22023,1610612757,POR,Portland Trail Blazers,0022300105,2023-10-30,POR @ TOR,W,239,99,38,85,0.447,11,35,0.314,12,15,0.8,13,38,51,20,6,7,14,19,8.0
22023,1610612738,BOS,Boston Celtics,0022300103,2023-10-30,BOS @ WAS,W,243,126,51,102,0.5,19,53,0.358,5,7,0.714,15,36,51,31,11,6,17,21,19.0
22023,1610612754,IND,Indiana Pacers,0022300102,2023-10-30,IND vs. CHI,L,240,105,36,88,0.409,12,46,0.261,21,25,0.84,11,36,47,26,7,5,17,24,-7.0
22023,1610612741,CHI,Chicago Bulls,0022300102,2023-10-30,CHI @ IND,W,240,112,40,87,0.46,6,17,0.353,26,31,0.839,10,34,44,19,8,6,13,17,7.0
22023,1610612762,UTA,Utah Jazz,0022300110,2023-10-30,UTA @ DEN,L,241,102,42,98,0.429,11,37,0.297,7,15,0.467,17,34,51,30,6,2,12,21,-8.0
22023,1610612761,TOR,Toronto Raptors,0022300105,2023-10-30,TOR vs. POR,L,239,91,38,94,0.404,4,29,0.138,11,15,0.733,14,33,47,19,10,4,11,17,-8.0
22023,1610612740,NOP,New Orleans Pelicans,0022300108,2023-10-30,NOP vs. GSW,L,239,102,38,93,0.409,10,39,0.256,16,26,0.615,14,25,39,23,8,3,11,18,-28.0
22023,1610612759,SAS,San Antonio Spurs,0022300099,2023-10-29,SAS @ LAC,L,240,83,30,80,0.375,11,33,0.333,12,16,0.75,6,31,37,21,9,6,25,23,-40.0
22023,1610612755,PHI,Philadelphia 76ers,0022300098,2023-10-29,PHI vs. POR,W,242,126,40,82,0.488,11,28,0.393,35,40,0.875,11,40,51,28,10,17,15,20,28.0
22023,1610612745,HOU,Houston Rockets,0022300096,2023-10-29,HOU vs. GSW,L,240,95,34,90,0.378,9,33,0.273,18,19,0.947,10,32,42,22,7,4,7,20,-11.0
22023,1610612747,LAL,Los Angeles Lakers,0022300100,2023-10-29,LAL @ SAC,L,266,127,43,98,0.439,15,45,0.333,26,34,0.765,8,45,53,27,4,4,12,22,-5.0
22023,1610612757,POR,Portland Trail Blazers,0022300098,2023-10-29,POR @ PHI,L,243,98,36,94,0.383,7,31,0.226,19,22,0.864,14,28,42,19,10,9,15,26,-28.0
22023,1610612758,SAC,Sacramento Kings,0022300100,2023-10-29,SAC vs. LAL,W,264,132,49,104,0.471,17,48,0.354,17,24,0.708,6,41,47,30,6,7,10,28,5.0
22023,1610612760,OKC,Oklahoma City Thunder,0022300095,2023-10-29,OKC vs. DEN,L,241,95,37,90,0.411,6,32,0.188,15,18,0.833,7,22,29,22,8,4,9,14,-33.0
22023,1610612737,ATL,Atlanta Hawks,0022300097,2023-10-29,ATL @ MIL,W,241,127,47,93,0.505,15,37,0.405,18,22,0.818,13,33,46,32,15,2,17,17,17.0
22023,1610612743,DEN,Denver Nuggets,0022300095,2023-10-29,DEN @ OKC,W,241,128,53,88,0.602,11,27,0.407,11,13,0.846,10,38,48,34,8,5,13,21,33.0
22023,1610612749,MIL,Milwaukee Bucks,0022300097,2023-10-29,MIL vs. ATL,L,240,110,39,86,0.453,16,44,0.364,16,20,0.8,12,27,39,22,10,3,23,22,-17.0
22023,1610612744,GSW,Golden State Warriors,0022300096,2023-10-29,GSW @ HOU,W,239,106,35,81,0.432,18,45,0.4,18,23,0.783,8,41,49,27,6,6,14,18,11.0
22023,1610612746,LAC,LA Clippers,0022300099,2023-10-29,LAC vs. SAS,W,241,123,47,91,0.516,16,42,0.381,13,21,0.619,9,39,48,23,15,5,16,16,40.0
22023,1610612748,MIA,Miami Heat,0022300093,2023-10-28,MIA @ MIN,L,240,90,35,87,0.402,12,38,0.316,8,14,0.571,9,33,42,24,6,1,14,12,-16.0
22023,1610612762,UTA,Utah Jazz,0022300094,2023-10-28,UTA @ PHX,L,239,104,40,91,0.44,12,37,0.324,12,14,0.857,15,30,45,26,6,5,18,20,-22.0
22023,1610612756,PHX,Phoenix Suns,0022300094,2023-10-28,PHX vs. UTA,W,241,126,45,85,0.529,10,37,0.27,26,28,0.929,7,32,39,31,10,7,11,19,22.0
22023,1610612750,MIN,Minnesota Timberwolves,0022300093,2023-10-28,MIN vs. MIA,W,240,106,44,86,0.512,12,34,0.353,6,8,0.75,7,40,47,30,9,3,14,17,16.0
22023,1610612752,NYK,New York Knicks,0022300090,2023-10-28,NYK @ NOP,L,242,87,33,90,0.367,7,37,0.189,14,18,0.778,16,43,59,19,7,3,18,17,-9.0
22023,1610612741,CHI,Chicago Bulls,0022300088,2023-10-28,CHI @ DET,L,239,102,39,93,0.419,11,28,0.393,13,16,0.813,13,20,33,16,10,5,8,20,-16.0
22023,1610612761,TOR,Toronto Raptors,0022300092,2023-10-28,TOR vs. PHI,L,240,107,38,87,0.437,17,32,0.531,14,19,0.737,13,28,41,28,5,5,13,19,-7.0
22023,1610612764,WAS,Washington Wizards,0022300089,2023-10-28,WAS vs. MEM,W,240,113,40,93,0.43,16,46,0.348,17,22,0.773,11,34,45,24,9,5,11,15,7.0
22023,1610612739,CLE,Cleveland Cavaliers,0022300091,2023-10-28,CLE vs. IND,L,241,113,43,99,0.434,12,31,0.387,15,24,0.625,18,33,51,29,2,6,6,16,-12.0
22023,1610612765,DET,Detroit Pistons,0022300088,2023-10-28,DET vs. CHI,W,242,118,45,86,0.523,12,28,0.429,16,20,0.8,15,38,53,29,4,4,15,18,16.0
22023,1610612740,NOP,New Orleans Pelicans,0022300090,2023-10-28,NOP vs. NYK,W,241,96,40,87,0.46,9,33,0.273,7,16,0.438,4,39,43,20,8,5,13,22,9.0
22023,1610612754,IND,Indiana Pacers,0022300091,2023-10-28,IND @ CLE,W,240,125,48,98,0.49,15,38,0.395,14,17,0.824,11,37,48,36,3,4,7,20,12.0
22023,1610612755,PHI,Philadelphia 76ers,0022300092,2023-10-28,PHI @ TOR,W,241,114,43,86,0.5,10,28,0.357,18,21,0.857,9,33,42,25,8,7,9,18,7.0
22023,1610612763,MEM,Memphis Grizzlies,0022300089,2023-10-28,MEM @ WAS,L,240,106,39,91,0.429,19,47,0.404,9,9,1.0,6,39,45,27,7,8,16,21,-7.0
22023,1610612746,LAC,LA Clippers,0022300085,2023-10-27,LAC @ UTA,L,240,118,41,77,0.532,14,35,0.4,22,28,0.786,6,30,36,17,8,6,14,22,-2.0
22023,1610612737,ATL,Atlanta Hawks,0022300079,2023-10-27,ATL vs. NYK,L,240,120,42,87,0.483,12,32,0.375,24,30,0.8,9,35,44,28,7,6,14,20,-6.0
22023,1610612757,POR,Portland Trail Blazers,0022300086,2023-10-27,POR vs. ORL,L,240,97,35,88,0.398,9,32,0.281,18,21,0.857,15,32,47,15,6,1,16,24,-5.0
22023,1610612742,DAL,Dallas Mavericks,0022300084,2023-10-27,DAL vs. BKN,W,240,125,44,91,0.484,15,36,0.417,22,28,0.786,8,32,40,20,5,2,9,15,5.0
22023,1610612744,GSW,Golden State Warriors,0022300087,2023-10-27,GSW @ SAC,W,240,122,48,87,0.552,14,32,0.438,12,14,0.857,7,32,39,32,14,3,19,24,8.0
22023,1610612758,SAC,Sacramento Kings,0022300087,2023-10-27,SAC vs. GSW,L,240,114,41,94,0.436,12,40,0.3,20,29,0.69,10,31,41,24,10,3,14,16,-8.0
22023,1610612743,DEN,Denver Nuggets,0022300078,2023-10-27,DEN @ MEM,W,240,108,41,88,0.466,14,37,0.378,12,18,0.667,6,34,40,27,11,10,17,18,4.0
22023,1610612766,CHA,Charlotte Hornets,0022300077,2023-10-27,CHA vs. DET,L,240,99,33,88,0.375,7,28,0.25,26,34,0.765,11,30,41,20,13,7,18,23,-12.0
22023,1610612760,OKC,Oklahoma City Thunder,0022300081,2023-10-27,OKC @ CLE,W,239,108,40,87,0.46,13,26,0.5,15,19,0.789,6,41,47,22,8,10,18,17,3.0
22023,1610612739,CLE,Cleveland Cavaliers,0022300081,2023-10-27,CLE vs. OKC,L,240,105,38,92,0.413,12,45,0.267,17,23,0.739,8,40,48,20,10,8,13,16,-3.0
22023,1610612748,MIA,Miami Heat,0022300080,2023-10-27,MIA @ BOS,L,240,111,38,89,0.427,16,33,0.485,19,23,0.826,11,34,45,24,8,6,12,16,-8.0
22023,1610612759,SAS,San Antonio Spurs,0022300083,2023-10-27,SAS vs. HOU,W,264,126,46,94,0.489,13,42,0.31,21,28,0.75,12,31,43,32,11,4,18,17,4.0
22023,1610612752,NYK,New York Knicks,0022300079,2023-10-27,NYK @ ATL,W,240,126,43,90,0.478,20,44,0.455,20,28,0.714,12,33,45,30,9,6,16,21,6.0
22023,1610612745,HOU,Houston Rockets,0022300083,2023-10-27,HOU @ SAS,L,266,122,52,100,0.52,8,32,0.25,10,20,0.5,11,32,43,30,7,2,18,26,-4.0
22023,1610612762,UTA,Utah Jazz,0022300085,2023-10-27,UTA vs. LAC,W,241,120,42,96,0.438,16,41,0.39,20,22,0.909,17,28,45,27,7,4,14,24,2.0
22023,1610612753,ORL,Orlando Magic,0022300086,2023-10-27,ORL @ POR,W,240,102,36,79,0.456,9,28,0.321,21,32,0.656,10,35,45,22,10,5,14,16,5.0
22023,1610612763,MEM,Memphis Grizzlies,0022300078,2023-10-27,MEM vs. DEN,L,239,104,37,85,0.435,10,33,0.303,20,24,0.833,13,35,48,22,13,7,20,23,-4.0
22023,1610612761,TOR,Toronto Raptors,0022300082,2023-10-27,TOR @ CHI,L,266,103,39,84,0.464,9,36,0.25,16,25,0.64,8,45,53,25,5,2,21,29,-1.0
22023,1610612751,BKN,Brooklyn Nets,0022300084,2023-10-27,BKN @ DAL,L,238,120,45,92,0.489,21,43,0.488,9,10,0.9,10,37,47,30,5,4,15,28,-5.0
22023,1610612765,DET,Detroit Pistons,0022300077,2023-10-27,DET @ CHA,W,240,111,40,88,0.455,10,30,0.333,21,25,0.84,12,41,53,28,7,6,23,29,12.0
22023,1610612738,BOS,Boston Celtics,0022300080,2023-10-27,BOS vs. MIA,W,239,119,45,95,0.474,16,39,0.41,13,19,0.684,16,39,55,20,7,6,15,19,8.0
22023,1610612741,CHI,Chicago Bulls,0022300082,2023-10-27,CHI vs. TOR,W,264,104,37,99,0.374,8,39,0.205,22,28,0.786,15,37,52,18,10,5,16,22,1.0
22023,1610612756,PHX,Phoenix Suns,0022300076,2023-10-26,PHX @ LAL,L,240,95,34,81,0.42,9,31,0.29,18,23,0.783,10,39,49,16,7,3,20,21,-5.0
22023,1610612755,PHI,Philadelphia 76ers,0022300075,2023-10-26,PHI @ MIL,L,241,117,41,80,0.513,16,35,0.457,19,28,0.679,4,35,39,25,8,4,15,28,-1.0
22023,1610612749,MIL,Milwaukee Bucks,0022300075,2023-10-26,MIL vs. PHI,W,239,118,41,81,0.506,11,30,0.367,25,36,0.694,8,35,43,20,9,4,14,23,1.0
22023,1610612747,LAL,Los Angeles Lakers,0022300076,2023-10-26,LAL vs. PHX,W,239,100,36,84,0.429,5,29,0.172,23,29,0.793,8,34,42,24,14,7,16,23,5.0
22023,1610612745,HOU,Houston Rockets,0022300066,2023-10-25,HOU @ ORL,L,240,86,32,79,0.405,12,34,0.353,10,16,0.625,7,24,31,19,6,3,18,24,-30.0
22023,1610612765,DET,Detroit Pistons,0022300068,2023-10-25,DET @ MIA,L,241,102,41,92,0.446,11,32,0.344,9,15,0.6,17,39,56,28,3,13,16,23,-1.0
22023,1610612739,CLE,Cleveland Cavaliers,0022300067,2023-10-25,CLE @ BKN,W,241,114,44,94,0.468,17,43,0.395,9,10,0.9,9,29,38,25,10,6,10,23,1.0
22023,1610612748,MIA,Miami Heat,0022300068,2023-10-25,MIA vs. DET,W,241,103,37,92,0.402,8,22,0.364,21,26,0.808,16,32,48,22,11,3,7,18,1.0
22023,1610612741,CHI,Chicago Bulls,0022300070,2023-10-25,CHI vs. OKC,L,242,104,39,94,0.415,12,42,0.286,14,18,0.778,13,29,42,26,10,3,12,16,-20.0
22023,1610612753,ORL,Orlando Magic,0022300066,2023-10-25,ORL vs. HOU,W,241,116,42,87,0.483,9,34,0.265,23,26,0.885,17,40,57,19,8,6,14,20,30.0
22023,1610612762,UTA,Utah Jazz,0022300072,2023-10-25,UTA vs. SAC,L,239,114,41,91,0.451,9,28,0.321,23,31,0.742,16,38,54,22,6,2,14,20,-16.0
22023,1610612759,SAS,San Antonio Spurs,0022300073,2023-10-25,SAS vs. DAL,L,240,119,46,89,0.517,11,35,0.314,16,22,0.727,9,36,45,33,8,5,19,23,-7.0
22023,1610612766,CHA,Charlotte Hornets,0022300063,2023-10-25,CHA vs. ATL,W,240,116,43,86,0.5,11,37,0.297,19,26,0.731,12,39,51,34,5,3,19,21,6.0
22023,1610612754,IND,Indiana Pacers,0022300064,2023-10-25,IND vs. WAS,W,240,143,56,107,0.523,20,43,0.465,11,12,0.917,10,41,51,38,10,8,12,23,23.0
22023,1610612737,ATL,Atlanta Hawks,0022300063,2023-10-25,ATL @ CHA,L,240,110,39,93,0.419,5,29,0.172,27,33,0.818,12,30,42,24,12,1,12,19,-6.0
22023,1610612752,NYK,New York Knicks,0022300065,2023-10-25,NYK vs. BOS,L,239,104,36,97,0.371,18,41,0.439,14,26,0.538,17,30,47,24,9,0,9,22,-4.0
22023,1610612738,BOS,Boston Celtics,0022300065,2023-10-25,BOS @ NYK,W,241,108,37,77,0.481,12,39,0.308,22,26,0.846,7,39,46,18,6,11,13,22,4.0
22023,1610612751,BKN,Brooklyn Nets,0022300067,2023-10-25,BKN vs. CLE,L,240,113,42,84,0.5,9,27,0.333,20,26,0.769,13,37,50,30,6,6,17,16,-1.0
22023,1610612757,POR,Portland Trail Blazers,0022300074,2023-10-25,POR @ LAC,L,239,111,44,93,0.473,10,32,0.313,13,17,0.765,15,25,40,20,10,4,17,20,-12.0
22023,1610612763,MEM,Memphis Grizzlies,0022300071,2023-10-25,MEM vs. NOP,L,241,104,38,91,0.418,12,43,0.279,16,20,0.8,8,29,37,23,8,7,13,19,-7.0
22023,1610612761,TOR,Toronto Raptors,0022300069,2023-10-25,TOR vs. MIN,W,241,97,36,90,0.4,14,35,0.4,11,16,0.688,8,39,47,27,9,11,14,18,3.0
22023,1610612760,OKC,Oklahoma City Thunder,0022300070,2023-10-25,OKC @ CHI,W,242,124,45,82,0.549,19,39,0.487,15,18,0.833,5,38,43,30,6,4,15,19,20.0
22023,1610612742,DAL,Dallas Mavericks,0022300073,2023-10-25,DAL @ SAS,W,241,126,47,99,0.475,15,47,0.319,17,23,0.739,13,35,48,24,6,3,12,20,7.0
22023,1610612750,MIN,Minnesota Timberwolves,0022300069,2023-10-25,MIN @ TOR,L,240,94,34,100,0.34,8,31,0.258,18,22,0.818,16,46,62,20,8,9,14,14,-3.0
22023,1610612758,SAC,Sacramento Kings,0022300072,2023-10-25,SAC @ UTA,W,239,130,47,102,0.461,19,51,0.373,17,20,0.85,15,30,45,29,6,8,11,25,16.0
22023,1610612740,NOP,New Orleans Pelicans,0022300071,2023-10-25,NOP @ MEM,W,240,111,40,85,0.471,14,32,0.438,17,22,0.773,11,41,52,22,8,5,21,21,7.0
22023,1610612746,LAC,LA Clippers,0022300074,2023-10-25,LAC vs. POR,W,242,123,47,90,0.522,16,34,0.471,13,16,0.813,14,31,45,36,11,7,17,20,12.0
22023,1610612764,WAS,Washington Wizards,0022300064,2023-10-25,WAS @ IND,L,238,120,44,96,0.458,9,24,0.375,23,29,0.793,11,34,45,28,6,9,14,11,-23.0
22023,1610612744,GSW,Golden State Warriors,0022300062,2023-10-24,GSW vs. PHX,L,240,104,36,101,0.356,10,43,0.233,22,28,0.786,18,31,49,19,11,6,11,23,-4.0
22023,1610612743,DEN,Denver Nuggets,0022300061,2023-10-24,DEN vs. LAL,W,240,119,48,91,0.527,14,34,0.412,9,12,0.75,9,33,42,29,9,6,11,15,12.0
22023,1610612747,LAL,Los Angeles Lakers,0022300061,2023-10-24,LAL @ DEN,L,239,107,41,90,0.456,10,29,0.345,15,20,0.75,13,31,44,23,5,4,11,18,-12.0
22023,1610612756,PHX,Phoenix Suns,0022300062,2023-10-24,PHX @ GSW,W,241,108,42,95,0.442,11,33,0.333,13,17,0.765,17,43,60,23,5,7,19,22,4.0
